Workbook

Sheet ticket
A1: ticket_id | B1: created_at | C1: closed_at | D1: outlet_id | E1: cms_id
A2: isu-sjd-457 | B2: 2021-08-19 16:45:43 | C2: 2021-08-22 12:33:32 | D2: wrqy-juv-978 | E2: vew-iuvd-12
A3: qer-fal-092 | B3: 2021-08-21 11:09:22 | C3: 2021-08-21 17:13:45 | D3: 8woh-k3u-23b | E3: cms-xq1-234
A4: bnt-klo-123 | B4: 2021-08-21 09:00:00 | C4: 2021-08-21 09:55:00 | D4: wrqy-juv-978 | E4: cms-ab2-345
A5: cvd-mno-456 | B5: 2021-08-22 14:30:00 | C5: 2021-08-23 10:00:00 | D5: out-rt3-789 | E5: cms-cd3-456
A6: fgh-pqr-789 | B6: 2021-09-01 08:00:00 | C6: 2021-09-01 08:45:00 | D6: 8woh-k3u-23b | E6: cms-ef4-567
A7: ijk-stu-012 | B7: 2021-09-02 10:30:00 | C7: 2021-09-03 11:00:00 | D7: wrqy-juv-978 | E7: cms-gh5-678
A8: lmn-vwx-345 | B8: 2021-09-02 15:00:00 | C8: 2021-09-02 15:50:00 | D8: out-rt3-789 | E8: cms-ij6-789
A9: opq-yza-678 | B9: 2021-09-03 07:30:00 | C9: 2021-09-03 08:20:00 | D9: wrqy-juv-978 | E9: cms-kl7-890
A10: rst-bcd-901 | B10: 2021-09-05 12:00:00 | C10: 2021-09-06 09:00:00 | D10: 8woh-k3u-23b | E10: cms-mn8-901
A11: uvw-efg-234 | B11: 2021-09-05 16:00:00 | C11: 2021-09-05 16:55:00 | D11: out-rt3-789 | E11: cms-op9-012

Sheet feedbacks
A1: cms_id | B1: feedback_at | C1: feedback_rating | D1: ticket_created_at
A2: vew-iuvd-12 | B2: 2021-08-21 13:26:48 | C2: 3 | D2: =IFERROR(VLOOKUP(A2,ticket!$A:$E,2,FALSE()),"Not Found") -> Not Found
A3: cms-xq1-234 | B3: 2021-08-22 08:00:00 | C3: 4 | D3: =IFERROR(VLOOKUP(A3,ticket!$A:$E,2,FALSE()),"Not Found") -> Not Found
A4: cms-ab2-345 | B4: 2021-08-21 10:30:00 | C4: 5 | D4: =IFERROR(VLOOKUP(A4,ticket!$A:$E,2,FALSE()),"Not Found") -> Not Found
A5: cms-cd3-456 | B5: 2021-08-23 11:00:00 | C5: 2 | D5: =IFERROR(VLOOKUP(A5,ticket!$A:$E,2,FALSE()),"Not Found") -> Not Found
A6: cms-ef4-567 | B6: 2021-09-01 09:00:00 | C6: 4 | D6: =IFERROR(VLOOKUP(A6,ticket!$A:$E,2,FALSE()),"Not Found") -> Not Found
A7: cms-gh5-678 | B7: 2021-09-03 12:00:00 | C7: 3 | D7: =IFERROR(VLOOKUP(A7,ticket!$A:$E,2,FALSE()),"Not Found") -> Not Found
A8: cms-ij6-789 | B8: 2021-09-02 16:30:00 | C8: 5 | D8: =IFERROR(VLOOKUP(A8,ticket!$A:$E,2,FALSE()),"Not Found") -> Not Found
A9: cms-kl7-890 | B9: 2021-09-03 09:00:00 | C9: 4 | D9: =IFERROR(VLOOKUP(A9,ticket!$A:$E,2,FALSE()),"Not Found") -> Not Found
A10: cms-mn8-901 | B10: 2021-09-06 10:00:00 | C10: 1 | D10: =IFERROR(VLOOKUP(A10,ticket!$A:$E,2,FALSE()),"Not Found") -> Not Found
A11: cms-op9-012 | B11: 2021-09-05 17:30:00 | C11: 5 | D11: =IFERROR(VLOOKUP(A11,ticket!$A:$E,2,FALSE()),"Not Found") -> Not Found

Sheet Analysis
A1: Ticket Analysis – Same Day & Same Hour Counts
A3: ticket_id | B3: created_at | C3: closed_at | D3: outlet_id | E3: created_date | F3: closed_date | G3: same_day? | H3: created_hour | I3: closed_hour | J3: same_hour?
A4: =ticket!A2 -> isu-sjd-457 | B4: =ticket!B2 -> 2021-08-19 16:45:43 | C4: =ticket!C2 -> 2021-08-22 12:33:32 | D4: =ticket!D2 -> wrqy-juv-978 | E4: =INT(B4) -> 44427 | F4: =INT(C4) -> 44430 | G4: =IF(E4=F4,"Yes","No") -> No | H4: =HOUR(B4) -> 16 | I4: =HOUR(C4) -> 12 | J4: =IF(AND(E4=F4,H4=I4),"Yes","No") -> No
A5: =ticket!A3 -> qer-fal-092 | B5: =ticket!B3 -> 2021-08-21 11:09:22 | C5: =ticket!C3 -> 2021-08-21 17:13:45 | D5: =ticket!D3 -> 8woh-k3u-23b | E5: =INT(B5) -> 44429 | F5: =INT(C5) -> 44429 | G5: =IF(E5=F5,"Yes","No") -> Yes | H5: =HOUR(B5) -> 11 | I5: =HOUR(C5) -> 17 | J5: =IF(AND(E5=F5,H5=I5),"Yes","No") -> No
A6: =ticket!A4 -> bnt-klo-123 | B6: =ticket!B4 -> 2021-08-21 09:00:00 | C6: =ticket!C4 -> 2021-08-21 09:55:00 | D6: =ticket!D4 -> wrqy-juv-978 | E6: =INT(B6) -> 44429 | F6: =INT(C6) -> 44429 | G6: =IF(E6=F6,"Yes","No") -> Yes | H6: =HOUR(B6) -> 9 | I6: =HOUR(C6) -> 9 | J6: =IF(AND(E6=F6,H6=I6),"Yes","No") -> Yes
A7: =ticket!A5 -> cvd-mno-456 | B7: =ticket!B5 -> 2021-08-22 14:30:00 | C7: =ticket!C5 -> 2021-08-23 10:00:00 | D7: =ticket!D5 -> out-rt3-789 | E7: =INT(B7) -> 44430 | F7: =INT(C7) -> 44431 | G7: =IF(E7=F7,"Yes","No") -> No | H7: =HOUR(B7) -> 14 | I7: =HOUR(C7) -> 10 | J7: =IF(AND(E7=F7,H7=I7),"Yes","No") -> No
A8: =ticket!A6 -> fgh-pqr-789 | B8: =ticket!B6 -> 2021-09-01 08:00:00 | C8: =ticket!C6 -> 2021-09-01 08:45:00 | D8: =ticket!D6 -> 8woh-k3u-23b | E8: =INT(B8) -> 44440 | F8: =INT(C8) -> 44440 | G8: =IF(E8=F8,"Yes","No") -> Yes | H8: =HOUR(B8) -> 8 | I8: =HOUR(C8) -> 8 | J8: =IF(AND(E8=F8,H8=I8),"Yes","No") -> Yes
A9: =ticket!A7 -> ijk-stu-012 | B9: =ticket!B7 -> 2021-09-02 10:30:00 | C9: =ticket!C7 -> 2021-09-03 11:00:00 | D9: =ticket!D7 -> wrqy-juv-978 | E9: =INT(B9) -> 44441 | F9: =INT(C9) -> 44442 | G9: =IF(E9=F9,"Yes","No") -> No | H9: =HOUR(B9) -> 10 | I9: =HOUR(C9) -> 11 | J9: =IF(AND(E9=F9,H9=I9),"Yes","No") -> No
A10: =ticket!A8 -> lmn-vwx-345 | B10: =ticket!B8 -> 2021-09-02 15:00:00 | C10: =ticket!C8 -> 2021-09-02 15:50:00 | D10: =ticket!D8 -> out-rt3-789 | E10: =INT(B10) -> 44441 | F10: =INT(C10) -> 44441 | G10: =IF(E10=F10,"Yes","No") -> Yes | H10: =HOUR(B10) -> 15 | I10: =HOUR(C10) -> 15 | J10: =IF(AND(E10=F10,H10=I10),"Yes","No") -> Yes
A11: =ticket!A9 -> opq-yza-678 | B11: =ticket!B9 -> 2021-09-03 07:30:00 | C11: =ticket!C9 -> 2021-09-03 08:20:00 | D11: =ticket!D9 -> wrqy-juv-978 | E11: =INT(B11) -> 44442 | F11: =INT(C11) -> 44442 | G11: =IF(E11=F11,"Yes","No") -> Yes | H11: =HOUR(B11) -> 7 | I11: =HOUR(C11) -> 8 | J11: =IF(AND(E11=F11,H11=I11),"Yes","No") -> No
A12: =ticket!A10 -> rst-bcd-901 | B12: =ticket!B10 -> 2021-09-05 12:00:00 | C12: =ticket!C10 -> 2021-09-06 09:00:00 | D12: =ticket!D10 -> 8woh-k3u-23b | E12: =INT(B12) -> 44444 | F12: =INT(C12) -> 44445 | G12: =IF(E12=F12,"Yes","No") -> No | H12: =HOUR(B12) -> 12 | I12: =HOUR(C12) -> 9 | J12: =IF(AND(E12=F12,H12=I12),"Yes","No") -> No
A13: =ticket!A11 -> uvw-efg-234 | B13: =ticket!B11 -> 2021-09-05 16:00:00 | C13: =ticket!C11 -> 2021-09-05 16:55:00 | D13: =ticket!D11 -> out-rt3-789 | E13: =INT(B13) -> 44444 | F13: =INT(C13) -> 44444 | G13: =IF(E13=F13,"Yes","No") -> Yes | H13: =HOUR(B13) -> 16 | I13: =HOUR(C13) -> 16 | J13: =IF(AND(E13=F13,H13=I13),"Yes","No") -> Yes
A16: Outlet-wise Summary
A17: outlet_id | B17: Tickets Same Day | C17: Tickets Same Hour
A18: wrqy-juv-978 | B18: =COUNTIFS($D$4:$D$13,A18,$G$4:$G$13,"Yes") -> 2 | C18: =COUNTIFS($D$4:$D$13,A18,$J$4:$J$13,"Yes") -> 1
A19: 8woh-k3u-23b | B19: =COUNTIFS($D$4:$D$13,A19,$G$4:$G$13,"Yes") -> 2 | C19: =COUNTIFS($D$4:$D$13,A19,$J$4:$J$13,"Yes") -> 1
A20: out-rt3-789 | B20: =COUNTIFS($D$4:$D$13,A20,$G$4:$G$13,"Yes") -> 2 | C20: =COUNTIFS($D$4:$D$13,A20,$J$4:$J$13,"Yes") -> 2
A22: NOTES: Column E & F use INT() to extract the date portion from a datetime. Column G checks if created and closed dates are the same. Columns H & I use HOUR() to extract the hour. Column J checks if both the same day AND same hour. Summary counts use COUNTIFS matching outlet_id and the Yes/No helper columns.
